Model,MAE,RMSE,MAPE (%),R²,Dataset
Random Forest,267.43079385771205,594.8524705769472,1.860559280040429,0.9951645362335119,Dev-In
XGBoost,673.7489983960727,1027.1366131943278,4.419968929561599,0.9855829629469536,Dev-In
MLP,998.0795476295391,1478.5418057789864,5.959478440631593,0.9701264516005257,Dev-In
Deep Ensemble,881.0336522225303,1328.7446513376526,5.5486979782319,0.9758730373046547,Dev-In
Random Forest,2232.2615809326658,3193.8012892895545,14.154165232226646,0.756708003994566,Dev-Out
XGBoost,1405.3974259645681,2061.7266722573,9.002176783381255,0.8986148807267469,Dev-Out
MLP,1667.2697303692223,2479.113662398607,9.814764431480059,0.853409807483713,Dev-Out
Deep Ensemble,1671.0351306343744,2503.7377026626277,9.65969474350941,0.8504833023993198,Dev-Out
