Model,MAE,RMSE,MAPE (%),R²,Dataset
Random Forest,2556.658193134266,3196.9821394801097,13.172995911187895,0.8603310031055229,Dev-In
XGBoost,2553.9554513007506,3197.4364622193393,13.108749882249498,0.8602913035968844,Dev-In
MLP,2517.259429453142,3165.2451082592256,13.096935129299291,0.8630902786410906,Dev-In
Deep Ensemble,2576.6571474507296,3229.8235802101426,13.28948209765759,0.8574467261068843,Dev-In
Random Forest,2632.343971060028,3626.821008473978,15.254433692488412,0.6862640520383869,Dev-Out
XGBoost,2344.3505210637218,3229.7877579981537,13.471041258233186,0.7511944831759957,Dev-Out
MLP,2435.250258165951,3285.4570511184143,14.370610405868325,0.7425436391196969,Dev-Out
Deep Ensemble,2433.4695540797006,3309.655149718506,14.170755649544445,0.7387372299739834,Dev-Out
